<manifest><control namespace="Shaheer" constructor="CanvasGrid" version="0.0.1" display-name-key="CanvasGrid" description-key="CanvasGrid description" control-type="standard" api-version="1.3.11"><external-service-usage enabled="false" /><data-set name="records" display-name-key="Records_Dataset_Display"><property-set name="HighlightIndicator" display-name-key="HighlightIndicator_Disp" description-key="HighlightIndicator_Desc" of-type="SingleLine.Text" usage="bound" required="true" /></data-set><property name="FilteredRecordCount" display-name-key="FilteredRecordCount_Disp" description-key="FilteredRecordCount_Desc" of-type="Whole.None" usage="output" /><property name="HighlightValue" display-name-key="HighlightValue_Disp" description-key="HighlightValue_Desc" of-type="SingleLine.Text" usage="input" required="true" /><property name="HighlightColor" display-name-key="HighlightColor_Disp" description-key="HighlightColor_Desc" of-type="SingleLine.Text" usage="input" required="true" /><property name="BackgroundColor" display-name-key="BackgroundColor_Disp" description-key="BackgroundColor_Desc" of-type="SingleLine.Text" usage="input" required="true" /><resources><code path="bundle.js" order="1" /><resx path="strings/CanvasGrid.1033.resx" version="1.0.0" /></resources><built-by name="pac" version="1.31.2" /></control></manifest>